difference_id,area,reference_workbook,generated_workbook,status,reason
D001,Fuel integration,Final fuel approximately 39.83806 kg,Final fuel approximately 39.84212 kg,INTENTIONAL_CANONICAL_DIFFERENCE,Sergio reference omits one deterministic one-second loading fuel increment at a phase boundary; canonical pipeline keeps the validated integration.
D002,Charts,20 chart objects including two orphan/scratch charts,18 native chart objects,INTENTIONAL_REFERENCE_CLEANUP,Only meaningful engineering charts are reproduced; reference charts 14 and 15 are incomplete scratch charts.
D003,Workbook sheets,Single report worksheet,Report plus Metadata worksheets,INTENTIONAL_CLIENT_SAFE_TRACEABILITY,Generated workbook includes client-safe metadata with source filename hashes configuration and tool version.
D004,Used range,A1:DN17424,A1:DA17424,KNOWN_LAYOUT_DIFFERENCE,Generated workbook includes 70 data channels plus 34 KPI columns; Sergio has additional unsupported/blank temperature-efficiency KPI extent to DN.
D005,Frozen panes,BJ6,B6,INTENTIONAL_LAYOUT_CORRECTION,Generated report freezes first column and first five report/header rows for engineering review; Sergio freezes inside the KPI/chart panel at BJ6.
D006,Chart axes,12 meaningful charts use true secondary axes with valid reciprocal cross-axis references,12 meaningful charts use true secondary axes with 60 validated axes and 0 unresolved crossAx references,RESOLVED_13C1C,Secondary series are written as combined native scatter chart groups with right-side value axes and bottom X axes; all crossAx values reference actual in-chart axis IDs and no numerical rescaling is used.
D007,Unsupported thermal/efficiency KPI cells,CY:DM include battery/EDU temperature and efficiency formulas or references,Not populated beyond DA,KNOWN_LIMITATION,Current deterministic dataset does not provide trusted cell temperature or efficiency channels; these remain out of scope rather than invented.
D008,Visual rendering validation,Workbook can be viewed directly in Excel,No local Excel/LibreOffice renderer available to automate screenshot inspection,VALIDATION_LIMITATION,Structural OOXML/readability checks passed for chart size anchors axes and non-overlap starts; manual Excel review remains recommended before client delivery.
D009,Excel report count terminology,Chart/image terminology not applicable,Manifest and summary split native_excel_chart_count 18 configured_plot_count 24 plot_series_count 45 embedded_plot_image_count 0,RESOLVED_13C1C,Excel reporting no longer states 24 plots embedded when the workbook contains 18 native chart XML parts and no embedded plot images.
